$n_tet$,$n_lac$,$n_lam$,$\alpha_tet$,$\alpha_lac$,$\alpha_lam$,$\alpha_0_tet$,$\alpha_0_lac$,$\alpha_0_lam$,$\beta_tet$,$\beta_lac$,$\beta_lam$
409727360.0,9481486000.0,114015.66,112894.97,420112700.0,3797302800.0,0.48910016,30.162115,89602810.0,1865445.5,128004.055,760388.4
