$n_tet$,$n_lac$,$n_lam$,$\alpha_tet$,$\alpha_lac$,$\alpha_lam$,$\alpha_0_tet$,$\alpha_0_lac$,$\alpha_0_lam$,$\beta_tet$,$\beta_lac$,$\beta_lam$
203818270.0,1.5511408e-09,42239584.0,83546370.0,126931144.0,15323802.0,1.3464167e-15,114774820.0,675011100.0,700340200.0,4274693400.0,19767574.0
