$n_tet$,$n_lac$,$n_lam$,$\alpha_tet$,$\alpha_lac$,$\alpha_lam$,$\alpha_0_tet$,$\alpha_0_lac$,$\alpha_0_lam$,$\beta_tet$,$\beta_lac$,$\beta_lam$
82741630.0,1542318000.0,1.7895179,0.93194085,1949621900.0,1075050800.0,229281230.0,0.29068992,0.00046909507,13226680.0,1748174.9,0.023330439
