$n_tet$,$n_lac$,$n_lam$,$\alpha_tet$,$\alpha_lac$,$\alpha_lam$,$\alpha_0_tet$,$\alpha_0_lac$,$\alpha_0_lam$,$\beta_tet$,$\beta_lac$,$\beta_lam$
2278737.0,9568421000.0,371.21884,104812.57,0.00036049812,484.31253,9778808000.0,95223490.0,11788474.0,1355851600.0,69.099304,479498270.0
